box_id,item,chance,labels
standard,Медицинский клей,100
standard,Инъектор (40 HP),85
standard,Отвертка,69
standard,Уксус,92
standard,Иностранная валюта 1-2,77
standard,Полароид фото,92,коллекционный
standard,Аптечка 50,46
standard,Лом,62
standard,USB,85,коллекционный
standard,Желтая медицинская помощь,54
standard,Декларация Военные STAG,77,квестовый
standard,Амнезиак A1,85,квестовый
standard,Тактическая рубашка,92
standard,Декларация Миссия 202,77,квестовый
standard,Чертеж магазина,62,крафт ингредиент
standard,Иностранная валюта 5-10,62
standard,Черная ткань,46,крафт ингредиент
standard,Инструмент калибровки,31,крафт ингредиент
ammo,Глушитель M82A2 (черный),100
ammo,Глушитель PBS-1,100
ammo,Прицел Leupold Mk8,100
ammo,Прицел XM157 (АК),100
ammo,Прицел X-Sight,100
ammo,Прицел X-Sight (Мосин),100
ammo,Магазин SUB2000 (30 патронов),92
ammo,Магазин M249 (200 патронов),85
ammo,Глушитель Vector,85
ammo,Глушитель ВСК-94,85
ammo,Магазин M82A2 (10 патронов),77
ammo,Магазин AS50 (10 патронов),77
ammo,Магазин GM6 Lynx (5 патронов),77
ammo,Магазин АШ-12 (20 патронов),77
ammo,Магазин Kivaari (10 патронов),77
ammo,Ориентальный мачете,100
ammo,ВССК,77
ammo,Чертеж магазина,62,крафт ингредиент
ammo,Декларация Военные STAG,15,квестовый
clothes,Тактические штаны (черные),100
clothes,Тактическая рубашка 60 (EMR),92
clothes,Штаны SWAT 80 (черные),92
clothes,Тактическая рубашка 80 (черная),92
clothes,Спецназовские ботинки 10,85,крафт ингредиент
clothes,Ботинки SWAT 10,85,крафт ингредиент
clothes,Кроссовки 10,85,крафт ингредиент
clothes,Перчатки Mechanix 10,77,крафт ингредиент
clothes,Куртка Gorka-N 10,69,крафт ингредиент
clothes,Куртка Gorka 10 (джунгли),69,крафт ингредиент
clothes,Куртка SWAT 10,69,крафт ингредиент
clothes,Штаны Gorka 10,62,крафт ингредиент
clothes,Тактические штаны 10 (зеленые),62,крафт ингредиент
clothes,Штаны SWAT 10,62,крафт ингредиент
clothes,Шлем SWAT 10,54,крафт ингредиент
clothes,Перчатки SWAT 20,46,крафт ингредиент
clothes,Куртка Gorka-N 20,38,крафт ингредиент
clothes,Тактический рюкзак,23,крафт ингредиент
clothes,Спецназовские ботинки 30,15,крафт ингредиент
clothes,Штаны SWAT 30,8,крафт ингредиент
clothes,Боевой рюкзак 4,5,крафт ингредиент
collections,Коллекционный полароид (1),100,коллекционный
collections,Коллекционная карта (Пикачу),100,коллекционный
collections,Коллекционная карта (Иви),100,коллекционный
collections,Коллекционный полароид (2),92,коллекционный
collections,Коллекционный USB-накопитель,92,коллекционный
collections,Декларация Миссия STAG,92,квестовый
collections,Коллекционный крестик,85,коллекционный
collections,Коллекционный полароид (3),85,коллекционный
collections,Коллекционная карта (Джолтеон),85,коллекционный
collections,Коллекционная ретро-игрушка,77,коллекционный
collections,Коллекционная игрушка Tetris,77,коллекционный
collections,Декларация Миссия STAG,77,квестовый
collections,Коллекционный SSD,69,коллекционный
collections,Коллекционная карта Pokemon (Абра),69,коллекционный
collections,Коллекционный SSD V2,62,коллекционный
collections,Декларация Миссия STAG,46,квестовый
collections,Коллекционный полароид (4),54,коллекционный
collections,Коллекционная оперативная память (RAM),46,коллекционный
collections,Коллекционная видеокарта (GPU),46,коллекционный
collections,Коллекционный процессор Intel,46,коллекционный
collections,"Коллекционный контейнер ""Гном""",15
food,Газировка Pipsi,100
food,Газировка Cola,100
food,Газировка Fronta,100
food,Большая кружка,100
food,Консервы с беконом,100
food,Золотая монета,92,крафт ингредиент
food,Мармелад,92
food,Консервы с кроликом,92
food,Консервы с курицей,92
food,Консервы с уткой,92
food,Консервы с бараниной,85
food,Уксус,77
food,Соль,77
food,Консервы с говядиной,77
food,Консервы со свининой,69
food,Консервы с медвежатиной,62
food,Консервы с антилопой,54
food,Консервы с кониной,54
food,Консервы с газелью,46
food,Консервы с олениной,46
food,Контейнер для рыбы 300,31
legendary,Иностранная валюта 1-2,100,квестовый
legendary,Чертеж рюкзака,90,крафт ингредиент
legendary,Чертеж кейса,90,крафт ингредиент
legendary,Чертеж оружия,90,крафт ингредиент
legendary,Иностранная валюта 5-10,80,квестовый
legendary,Кейс артефактов 20,70
legendary,Чертеж рюкзака,70,крафт ингредиент
legendary,Кейс артефактов 40,60
legendary,Чертеж контейнера,50,крафт ингредиент
legendary,Кейс артефактов 100,40
legendary,Иностранная валюта 50-100,30,квестовый
legendary,Кейс артефактов 200,20
legendary,Чертеж АК,12,квестовый
legendary,Чертеж гвоздомета,12,квестовый
legendary,Протезы рук,12
legendary,Декларация Военные STAG,10,квестовый
legendary,Декларация Ликвидаторы STAG,8,квестовый
legendary,Декларация Ученые STAG,6,квестовый
legendary,Артефакт Оазис,4
medicine,Адреналин,100
medicine,Тест-набор для крови,100
medicine,Термометр,90
medicine,Грелка,90
medicine,Медицинский клей,90
medicine,Инъектор (20 HP),80
medicine,Антихимический инъектор,80
medicine,Аптечка 50,60
medicine,Красная аптечка,60
medicine,Инъектор (40 HP),60
medicine,Желтая аптечка,50
medicine,Инъектор (60 HP),50
medicine,Оранжевая аптечка AI-2,40
medicine,Синяя аптечка,40
medicine,Инъектор (80 HP),30
medicine,Амнезиак A1,30,квестовый
medicine,Амнезиак A2,20,квестовый
medicine,Амнезиак A3,16,квестовый
medicine,Амнезиак A4,12,квестовый
medicine,Аптечка 200,8
medicine,Сканнер мутаций 1,4
tools,Ножовка,100
tools,Пожарный топор,90
tools,Гаечный ключ,80
tools,Отвертка,60
tools,Плоскогубцы,60
tools,Отмычка,60
tools,Лом,60
tools,Провод (цветной),70,крафт ингредиент
tools,Провод (карбоновый),70,крафт ингредиент
tools,Дрель для верстака,60
tools,Швейный набор для верстака,60
tools,Набор техника для верстака,60
tools,Черная ткань,40,крафт ингредиент
tools,Коричневая ткань,36,крафт ингредиент
tools,Белая ткань,32,крафт ингредиент
tools,Пайка,28,крафт ингредиент
tools,Швейный набор,24,крафт ингредиент
tools,Калибровочный инструмент,18,крафт ингредиент
tools,Точные инструменты,14,крафт ингредиент
tools,Твердый металл,10,крафт ингредиент
tools,Кейс на 200 слотов,6
weapon,ВССК,100
weapon,ВСК-94,92
weapon,Raptr,77
weapon,ППШ,69
weapon,DVL-10,62
weapon,AWM,54
weapon,VR80,46
weapon,Боевой нож,38
weapon,Evolys,38
weapon,АКМ,31
weapon,M300,23
weapon,SCAR-H,15
weapon,HK21 (черный),14
weapon,SRS 338,12
weapon,AX50 (черный),11
weapon,M300M,9
weapon,M60E3,8
weapon,M200 (черный),6
weapon,SRS 408,5
weapon,ПКП Tactical (черный),3
weapon,SCAR-H (версия 3),2
lottery,Швейный набор,10,крафт ингредиент
lottery,Пайка,10,крафт ингредиент
lottery,Точные инструменты,10,крафт ингредиент
lottery,Мягкий металл,10,крафт ингредиент
lottery,Кевлар,10,крафт ингредиент
lottery,Твердый,10,крафт ингредиент
lottery,Грубый инструмент,10,крафт ингредиент
lottery,Калибровочный инструмент,10,крафт ингредиент
lottery,Плюшевый медведь,10
lottery,Отвертка,10
lottery,Черная ткань,10,крафт ингредиент
lottery,Чертеж кейса,10,крафт ингредиент
lottery,Видеокарта,10,коллекционный
lottery,Энергоблок,10,крафт ингредиент
lottery,Кейс 50,10
lottery,Красный смартфон,10,коллекционный
lottery,Золотой слиток,10
lottery,Секретный чертеж,10,крафт ингредиент
lottery,Мед-инъектор (снятие эффектов),10
lottery,Топорик Stag,10
lottery,Топор Кевлар 7,10
lottery,Нож 6,10
lottery,Клавиатура,10
lottery,Зеленая кружка,10
lottery,Телефон Nokia,10
lottery,Чертеж предмета,10,крафт ингредиент
lottery,Кассета Atomic Heart,10
lottery,Кассета NFS,10
lottery,Кассета Кино,10
lottery,Артефакт Пропеллер,10
lottery,Артефакт Светляк,10
lottery,Кассета Linkin Park,10
lottery,Кассета Король и Шут,10
lottery,Рыболовная приманка 1.6,10
lottery,Рыболовная приманка 1.3,10
lottery,Магазин SCAR-H (150 патронов),10
lottery,Экзомодуль: выносливость,6
lottery,Артефакт Огненный шар,5
lottery,Артефакт Снежинка,5
lottery,Экзомодуль: питание,5
lottery,Экзомодуль: отдача,4
lottery,Артефакт Дьявольское сердце,3
lottery,Артефакт Оазис,3
lottery,Сканер 1,3
lottery,Экзоскелет v1,3
lottery,Артефакт Ангел,2
lottery,Протезы: перчатки,2
lottery,Протезы: ботинки,1
premium_lottery,Магнит 2,1 к 60
premium_lottery,Honey Badger 1,1 к 60
premium_lottery,Протезы: штаны,1 к 60
premium_lottery,Протезы: перчатки,1 к 60
premium_lottery,Магнит 3,1 к 60
premium_lottery,Экзомодуль: питание,1 к 60
premium_lottery,Экзомодуль: выносливость,1 к 60
premium_lottery,Батарейка x10,1 к 60
premium_lottery,Батарейка x5,1 к 60
premium_lottery,Экзоскелет v1,1 к 60
premium_lottery,Чертеж оружия,1 к 60,крафт ингредиент
premium_lottery,Сумка аутфит (ур. 3),1 к 60
premium_lottery,Лотерейный билет,1 к 60
premium_lottery,Иностранная валюта 1-2,1 к 60,квестовый
premium_lottery,Кассета Любэ,1 к 60
premium_lottery,Кассета NFS,1 к 60
premium_lottery,Кассета Linkin Park,1 к 60
premium_lottery,Чертеж предмета,1 к 60,крафт ингредиент
premium_lottery,Телефон Nokia,1 к 60
premium_lottery,Зеленая кружка,1 к 60
premium_lottery,Клавиатура,1 к 60
premium_lottery,Нож (6 сек),1 к 60
premium_lottery,Кевлар (7 сек),1 к 60
premium_lottery,Топорик Stag,1 к 60
premium_lottery,Сканер 1,1 к 60
premium_lottery,Мед-инъектор (снятие эффектов),1 к 60
premium_lottery,Кейс артефактов  100,1 к 60
premium_lottery,Кейс артефактов  1000,1 к 120
premium_lottery,Детектор (зеленый),1 к 60
premium_lottery,Детектор (красный),1 к 60
premium_lottery,Артефакт Ангел,1 к 60
premium_lottery,Артефакт Оазис,1 к 60
premium_lottery,Артефакт Дьявольское сердце,1 к 60
premium_lottery,Секретный чертеж,1 к 60,крафт ингредиент
premium_lottery,Золотой слиток (1-2 шт.),1 к 60
premium_lottery,Красный смартфон,1 к 60
premium_lottery,Артефакт Снежинка,1 к 60
premium_lottery,Артефакт Огненный шар,1 к 60
premium_lottery,Кейс 50,1 к 60
premium_lottery,Энергоблок,1 к 60,крафт ингредиент
premium_lottery,Чертеж кейса,1 к 60,крафт ингредиент
premium_lottery,Видеокарта,1 к 60,коллекционный
premium_lottery,Черная ткань,1 к 60,крафт ингредиент
premium_lottery,Отвертка,1 к 60
premium_lottery,Плюшевый медведь,1 к 60
premium_lottery,Калибровочный инструмент,1 к 60,крафт ингредиент
premium_lottery,Грубый инструмент,1 к 60,крафт ингредиент
premium_lottery,Твердый,1 к 60,крафт ингредиент
premium_lottery,Кевлар,1 к 60,крафт ингредиент
premium_lottery,Мягкий металл,1 к 60,крафт ингредиент
premium_lottery,Точные инструменты,1 к 60,крафт ингредиент
premium_lottery,Швейный набор,1 к 60,крафт ингредиент
premium_lottery,Пайка,1 к 60,крафт ингредиент
